ID,user_id,item_id
169,169,"55100,40410,46118,21426,45050,27763,19448,10674,10929,52682"
530,530,"13369,14949,40448,26206,40436,32894,59992,13067,50935,6547"
596,596,"37458,17678,40015,43747,28340,55579,20266,55835,33777,22611"
622,622,"9567,11962,12667,56998,18231,56823,48925,36352,37066,994"
1047,1047,"12489,37182,19849,11626,42642,57050,52154,13067,51668,31504"
1275,1275,"60682,35863,7549,22401,9450,23248,33825,34560,62662,24675"
2399,2399,"35472,32060,40015,39177,1904,15665,55579,51537,54794,6936"
2912,2912,"41227,28748,46333,55758,22676,34579,30113,21963,40429,12116"
4269,4269,"33777,1904,48925,46333,59209,36289,44454,12667,4617,5898"
4313,4313,"47645,53447,42726,19694,33469,64441,63628,54372,43258,12951"
4433,4433,"55835,20266,28340,30904,55579,25060,29241,40015,20307,61562"
5125,5125,"55579,64397,4270,48973,1904,52785,61854,7071,43884,29358"
5520,5520,"55579,48622,34293,13067,20266,8318,7476,28340,58617,28707"
5728,5728,"55100,46118,21426,45050,10674,10929,19448,52682,40410,44437"
5744,5744,"55835,20266,28340,30904,33777,29241,34751,21817,61562,27782"
6675,6675,"60682,19854,46333,20851,26774,48985,52037,58237,62120,47615"
6828,6828,"9567,23300,13648,39860,62787,43967,60682,55055,54965,15665"
7015,7015,"28707,20266,55100,48622,51840,22955,55835,8318,9865,45050"
7113,7113,"5937,12667,22357,51076,11158,51364,11097,21507,47296,7704"
7886,7886,"62120,24744,23300,14028,55409,17028,6001,43107,40093,60947"
7959,7959,"55835,40015,19034,31617,55579,28340,50888,30904,29241,33418"
8196,8196,"47296,54022,50935,9567,16807,58647,15656,64441,27301,5937"
10816,10816,"7431,55523,61437,64289,16807,63874,24675,15665,13648,56381"
10875,10875,"12667,47536,9567,26774,58218,27717,24999,4617,57501,25275"
11204,11204,"12473,49780,23971,2791,47296,7240,15665,51364,44557,27530"
11340,11340,"5937,58101,12667,24787,48849,42975,37468,4911,21507,33469"
11442,11442,"27248,12473,51364,24675,35863,56998,64441,12967,60682,39601"
12464,12464,"40015,11626,53986,56823,47958,19783,39603,28373,5095,47645"
12495,12495,"55579,54794,28340,40015,20266,36646,7193,20307,43747,62369"
12616,12616,"37835,45208,7628,50293,4319,28382,38111,7098,44274,39138"
12757,12757,"30523,13648,51364,29181,16354,53447,57068,33705,8065,7736"
12882,12882,"55835,28340,40015,29241,34751,20266,33418,27782,21817,27842"
12941,12941,"32894,46333,8428,4126,53447,16807,24787,9360,47296,51685"
13158,13158,"20266,55835,49122,50734,1981,22357,64851,55624,19488,55579"
13169,13169,"55579,39563,28495,59409,46132,55835,45707,3873,33039,29910"
13248,13248,"15127,55055,59683,15156,479,3087,24675,51364,25362,63879"
13406,13406,"33204,51364,58647,13648,8327,48962,42059,50357,63212,26316"
13765,13765,"4307,6001,63392,16079,13214,10222,40950,19854,54965,9682"
13816,13816,"18701,42998,3949,13648,33469,54022,23876,28748,14832,60969"
14599,14599,"9514,48925,3991,18231,33204,36235,13066,48893,12667,3949"
14793,14793,"63205,20266,55835,33777,40015,15383,37137,54278,10179,30904"
15193,15193,"2791,12473,18701,58647,43258,58101,54853,15665,51668,2857"
15259,15259,"40015,51084,35761,1904,55835,24597,55579,54794,43884,25974"
15595,15595,"55100,46118,21426,45050,10674,10929,19448,40410,27763,52682"
15866,15866,"55835,56157,15383,33777,20266,32547,30904,63246,46899,33418"
16484,16484,"47645,57068,19694,47296,51364,26793,7357,36246,16807,9865"
16707,16707,"50935,54372,63212,63628,54376,55523,52142,7240,47119,11097"
16918,16918,"36235,18658,58647,16763,35762,24787,64838,33858,51076,54372"
17682,17682,"20266,55579,55835,28340,20307,61562,40015,30904,56739,37740"
18615,18615,"37321,58647,24981,50935,60969,44836,54206,26774,43332,51270"
18644,18644,"50857,55523,49122,54275,26598,25941,20722,615,49737,65013"
18718,18718,"7842,1529,25284,21427,27301,23300,36352,13303,12473,51668"
19391,19391,"50665,53506,60959,34496,56421,54278,28003,26273,23760,2723"
20183,20183,"55100,46118,21426,45050,10674,10929,19448,52682,40410,44437"
20244,20244,"56099,53506,60959,56421,34496,55615,54278,26273,23760,2723"
20267,20267,"13067,15153,13369,34597,17887,38017,20861,20266,25060,54230"
20747,20747,"9567,5937,50935,22357,54372,48985,7033,7240,58237,51270"
20879,20879,"55758,49541,23365,32894,18701,23876,52037,62120,13648,51374"
21424,21424,"10179,36904,4617,36235,19954,20851,41285,59741,24002,5651"
22241,22241,"55100,46118,45050,21426,10674,10929,52682,19448,40410,27763"
22450,22450,"32273,20266,36566,38982,39601,54209,28340,64928,49780,55835"
22960,22960,"47645,4275,20648,25275,36235,35863,64289,33821,63628,13855"
23855,23855,"63628,25645,51364,60646,22676,14832,35590,23158,64801,2791"
24060,24060,"49122,7992,20722,46353,55579,39563,42814,52946,30821,49878"
24166,24166,"55835,28340,55579,20266,40015,30904,17701,29241,34751,21817"
24203,24203,"58386,1978,50935,13066,46333,11962,4835,1979,64289,47645"
25297,25297,"46353,55579,49122,33167,49878,42814,31532,34982,7992,19034"
25430,25430,"36246,33777,50499,10175,49122,55579,2691,26591,14444,51202"
25473,25473,"46353,19034,33167,30821,49122,49878,34982,42814,55579,31532"
25481,25481,"27842,29241,52221,34751,55835,1529,27782,9360,30753,18421"
26076,26076,"63628,1904,1981,42998,12951,39297,47645,21507,26774,39563"
26618,26618,"1904,55579,40015,59409,7431,35761,62369,53506,50888,42998"
27497,27497,"64838,44646,51685,5937,59683,56843,53995,33821,1978,615"
27523,27523,"13648,11982,58237,50935,55409,48925,55758,42975,14522,45731"
27792,27792,"54794,55835,8656,29241,27842,44836,28340,53044,30904,27782"
27818,27818,"40015,23356,55579,58237,27604,10178,33469,32875,56823,41846"
28339,28339,"54372,13648,12667,17966,50935,18658,27994,11982,60736,51837"
28361,28361,"42726,33777,58386,63879,54879,10366,16807,55318,20851,37066"
29324,29324,"27704,38456,23848,52661,56701,64151,55056,4479,50046,34230"
29488,29488,"51077,43918,10328,52327,52140,43747,17701,51934,7372,60481"
29703,29703,"3949,21507,64441,24787,16807,47296,16628,14189,7736,22357"
29836,29836,"59677,43595,42470,63848,682,3991,17966,4835,51374,59683"
30171,30171,"40114,61235,23300,51364,51270,26774,55118,43967,54022,48419"
30192,30192,"32990,46333,50935,106,55579,49780,60798,31332,19658,15656"
30194,30194,"9567,54853,47153,49780,64441,16807,30250,12684,54206,11962"
30227,30227,"11982,50935,10179,12473,58218,61235,23300,47536,3087,64441"
30649,30649,"2791,58218,1206,41808,45064,12473,57068,23971,51364,43258"
30946,30946,"55835,20266,24468,3949,6080,1879,30904,29241,6864,62369"
31904,31904,"51077,43918,27304,32577,54753,34583,43747,51934,28954,64005"
32207,32207,"12473,23876,61235,47296,57068,23365,51364,19204,22020,51685"
32298,32298,"57152,36005,56333,18333,54230,59683,49780,7293,45165,13808"
32814,32814,"36352,19194,12007,23030,18882,17603,41124,27301,22020,58438"
32876,32876,"48648,25581,54794,52443,28340,55835,25362,20307,1981,25060"
33092,33092,"55579,9313,39563,59409,49122,2327,24029,30686,1904,62937"
33481,33481,"6181,16807,63137,43747,9567,15656,3991,26005,11676,27994"
33585,33585,"39563,7549,57018,64391,8895,17558,12667,62937,7548,25340"
33684,33684,"27604,27717,19854,53140,29502,56843,60126,25723,41285,11158"
33871,33871,"23876,61941,6181,5708,9360,23365,24002,25275,40950,28707"
34684,34684,"24370,52395,51364,1978,30405,36235,61437,32040,994,56381"
34691,34691,"46887,13648,45731,58218,50935,7704,5937,64441,9365,1957"
35126,35126,"21935,13648,19658,58218,61037,23365,23876,3949,51364,11962"
35197,35197,"9781,41285,16763,34560,55758,46333,51374,7431,54206,58218"
35578,35578,"20266,55579,40015,55835,48648,13369,15153,52443,28340,17887"
36314,36314,"51364,5937,61235,64441,13648,39793,19658,6001,19256,29291"
36783,36783,"28707,1529,46333,55055,15665,13648,53447,29502,62500,1981"
36794,36794,"55579,41439,19618,59984,29012,44593,42998,7410,21392,55425"
37959,37959,"55100,46118,45050,21426,10674,10929,19448,27763,52682,44437"
38579,38579,"19954,51364,23300,49541,18801,27717,15665,12473,13303,43258"
38796,38796,"7569,6001,41725,13216,54372,13648,48031,25243,47615,11962"
38887,38887,"20266,41213,33777,40015,25362,11967,33405,27852,55835,32894"
38973,38973,"54974,9567,31853,10572,39983,58933,25879,42025,3991,57840"
39020,39020,"51364,9567,13216,34560,50357,55758,19658,55118,57501,41921"
39239,39239,"31345,10179,41760,26673,7674,46459,24379,58512,4715,50173"
40282,40282,"32577,43365,43918,10328,48636,33777,51077,54109,44397,27304"
40845,40845,"57185,61099,3939,41573,39601,40015,28731,39010,43808,25204"
41667,41667,"18801,55579,55835,17701,27604,60481,28340,7372,64832,30904"
42019,42019,"33405,20266,32273,36566,38982,22121,55579,25581,9567,20307"
42214,42214,"40015,64820,55835,20266,28340,55579,18899,25060,31106,32273"
43483,43483,"1206,19658,15656,25275,49541,47832,19954,23365,63137,23876"
43789,43789,"2369,18658,55579,39563,32465,1299,25974,25195,42551,28495"
43867,43867,"34560,9567,5937,36289,5958,3629,16628,26615,55118,55758"
43937,43937,"9567,18658,33469,28707,34623,14522,54022,11982,58323,59568"
44053,44053,"54794,12951,50197,53651,33777,55421,19710,34784,55579,3949"
44440,44440,"10179,58218,63879,18801,24999,49752,59409,25275,9450,45731"
44441,44441,"32894,51685,48925,63879,57068,37224,62120,56823,61235,34620"
45424,45424,"43360,4375,20266,40623,12755,28772,55835,57085,61340,1981"
45576,45576,"50935,58218,36289,41285,11158,28932,40950,11992,6181,16200"
45834,45834,"23300,55409,63137,2791,13369,43258,12473,58386,51364,9365"
46585,46585,"9567,42726,49780,22357,36289,52337,60126,12473,64392,17522"
46609,46609,"32894,46333,34560,27994,55409,16501,18658,13066,9567,64832"
46965,46965,"49780,51270,5937,51364,27717,54372,58647,50935,38570,16807"
47013,47013,"40015,55579,23604,20266,32894,40839,3949,12200,4835,47296"
47189,47189,"35678,59409,40809,3877,43747,13943,3402,64244,56829,19795"
47361,47361,"19954,40932,18701,49541,42975,9360,48101,4126,17966,55758"
47441,47441,"19954,58218,24002,18701,37321,17966,11158,29167,47536,48925"
48360,48360,"47645,40429,39563,51374,1206,6990,41725,51081,58237,20337"
48519,48519,"47296,32040,19954,19658,29502,53140,51270,45665,29375,37066"
48705,48705,"13648,58308,16807,6973,6181,45731,56998,34560,49752,48925"
48870,48870,"40015,55579,43747,49122,27901,33167,39563,19034,30821,49878"
49357,49357,"20722,49541,49122,3949,7992,33405,27247,11809,49765,60396"
50032,50032,"55835,55579,28340,20266,30904,20307,40015,56739,1904,61562"
50523,50523,"40932,44836,54853,5937,26774,37321,63628,27717,35122,52531"
50812,50812,"53376,44965,31532,20266,9865,48588,8077,46887,54794,34532"
51095,51095,"39563,52742,51084,1904,40015,18658,53440,25195,12473,32465"
51121,51121,"40015,42998,55579,59903,48588,32894,25007,26439,44000,13587"
51216,51216,"35678,3877,54588,64741,40809,59409,43747,13943,3402,64244"
52111,52111,"55100,46118,21426,45050,40410,10674,19448,10929,52682,44437"
52790,52790,"1978,12200,63782,46333,26523,2467,53447,39563,55579,1338"
53114,53114,"28926,55545,49780,16763,57346,51440,36235,14522,51364,7569"
53617,53617,"10175,33348,36246,21454,52742,55034,9796,1338,43448,10931"
53903,53903,"50769,48508,53447,5326,55055,33777,61437,58647,46887,35472"
53937,53937,"37321,27763,60007,60969,40015,43069,63784,26337,54794,9361"
54306,54306,"40015,25974,51084,55835,43747,28230,61880,59903,33039,32465"
55378,55378,"18658,28416,40015,44981,39318,13076,7569,52449,36926,11387"
55871,55871,"55579,2369,32894,57482,28495,59409,58455,6399,33039,47259"
55890,55890,"35761,40015,24597,52790,55835,54794,8663,8318,35256,20266"
56080,56080,"35678,59409,54588,64741,40809,13943,3877,64244,19795,56829"
56175,56175,"18770,55055,55319,64392,13855,48673,64679,46333,52337,30246"
56194,56194,"4835,35863,5937,16763,55055,13648,18202,26615,19256,13369"
56930,56930,"43747,57482,47259,59409,59717,45189,6698,54022,58626,10287"
57702,57702,"33777,27005,1904,42484,47639,5898,42998,54177,47832,5393"
57774,57774,"54794,27992,11738,1904,52742,55835,30904,42998,53447,19712"
57807,57807,"55579,42998,49122,4935,30695,35708,17311,31605,7992,40015"
58315,58315,"54794,35472,2857,18801,42636,7193,23229,36181,2687,15665"
58832,58832,"13648,55409,54899,62412,7842,33777,33469,51270,63628,11967"
59053,59053,"27763,55100,60007,45050,52682,37321,46118,40410,51668,43832"
59055,59055,"20266,33777,23943,55835,28340,45954,42892,30904,13279,39388"
59299,59299,"55100,46118,21426,45050,10674,10929,19448,40410,52682,44437"
59570,59570,"55835,20266,40015,28340,30904,33777,25060,61562,6182,29241"
59689,59689,"1835,44353,24675,12473,48962,46835,18658,30523,26774,33777"
59906,59906,"32060,44215,40015,5937,54794,39177,51537,42636,15665,55579"
60819,60819,"10179,3991,24787,28707,57501,54372,16763,1206,42975,31024"
61061,61061,"40015,55579,55835,20266,28340,54794,30904,54229,20307,8318"
62537,62537,"1904,18701,3991,16763,58101,58218,13648,63628,64851,7240"
62583,62583,"57701,48101,60682,57068,50935,40429,60969,64289,13648,11982"
62743,62743,"55100,46118,45050,27763,21426,10674,10929,52682,19448,40410"
63288,63288,"22357,50734,64767,7918,26615,15975,64851,19488,10717,42582"
63452,63452,"55835,33418,30904,54868,39953,8318,29241,34751,63205,21817"
63647,63647,"18658,6181,53447,60682,6257,33858,51107,48101,40429,19854"
63810,63810,"20266,1981,25581,48648,52443,33777,39787,59782,9865,25362"
63881,63881,"17678,36289,23971,53447,5937,21427,58218,47296,48588,51668"
64107,64107,"31242,44836,54198,55753,63588,30459,43747,8656,60926,28801"
64272,64272,"55100,46118,27763,45050,10674,21426,19448,10929,40410,44437"
64839,64839,"15665,28932,23876,63628,54862,37064,1978,12454,36181,60118"
64962,64962,"18658,49780,51364,20851,59741,22401,37194,64471,51685,41921"
65272,65272,"19334,42814,35041,3046,3430,40429,38782,35256,47296,48925"
65350,65350,"48286,51364,53447,19658,21507,7240,54965,9360,55732,36352"
65566,65566,"34230,20266,37321,57185,42378,34953,27763,54794,17042,31532"
65702,65702,"54206,59409,9865,24981,32246,2853,48758,48413,27757,18518"
66404,66404,"1529,55055,58386,7736,64441,23604,54879,24981,26358,35863"
67454,67454,"9567,23971,11982,2791,55758,32894,21427,51374,21507,11501"
67819,67819,"34230,39002,55579,40015,30680,61792,49122,39497,39563,53447"
67980,67980,"14028,62120,8663,11196,24744,56836,32273,17522,40015,57412"
68217,68217,"25195,28416,44981,13076,39318,48276,36926,6001,52449,18892"
68768,68768,"3877,8239,41811,32894,55835,50572,40391,8077,33039,3949"
70295,70295,"12473,41285,9781,22357,35863,41725,44836,3949,23158,23248"
70545,70545,"3949,36904,35762,39297,31016,55983,30160,44437,682,11900"
70722,70722,"64241,39563,40948,2966,48134,62369,53376,53447,36620,41103"
70876,70876,"7431,59741,32040,3991,51364,18658,58647,28707,17603,58218"
71302,71302,"24675,48962,47271,11893,54966,29560,40644,59358,18871,30420"
71715,71715,"20266,54794,55579,40015,6973,48648,52443,20307,28340,25581"
72058,72058,"40015,42998,55579,59903,48588,32894,25007,26439,44000,13587"
72169,72169,"55100,46118,45050,21426,10674,52682,10929,27763,19448,40410"
72919,72919,"55409,19854,53447,18658,6181,43747,13216,11097,4126,44906"
73781,73781,"57501,14832,34623,36235,6181,50935,34560,41105,61235,54206"
73843,73843,"15656,14522,47430,54357,33777,36070,43747,34794,30174,29190"
74190,74190,"33777,38245,36289,57371,40015,20266,51060,5307,25362,58560"
74394,74394,"15656,50406,43747,40015,46353,33777,319,38648,59534,39563"
74489,74489,"24675,51364,48925,14522,55758,55409,51270,17260,48419,41338"
74734,74734,"1904,55579,49122,13216,33777,54794,10175,32996,58101,63844"
74882,74882,"64241,40015,50935,55835,34211,54794,64356,3949,29241,25974"
75017,75017,"63628,5996,39297,24675,64289,58237,58647,37857,55409,54022"
75151,75151,"18932,41856,4275,9185,63628,2333,56333,2073,42726,48849"
75257,75257,"17301,12473,42975,16807,42726,2333,10179,58386,58218,51374"
75471,75471,"54794,26615,20266,15665,40015,55835,28340,25060,461,22475"
75523,75523,"2791,30575,12473,23300,51668,43258,17966,36352,1255,54794"
76327,76327,"49122,7992,20722,42814,29704,11809,615,12468,34128,49737"
76842,76842,"47296,3991,60126,48101,47536,47645,9567,19854,5838,14522"
77042,77042,"10179,40015,34856,55835,20266,33777,63205,34208,20307,53710"
77194,77194,"59717,54206,3949,1904,55579,64801,8605,2094,62369,64441"
77672,77672,"26793,23876,12473,55100,51668,46118,48622,45050,58438,52682"
78770,78770,"1904,61037,48120,53011,23680,37458,39563,55579,7981,5792"
78989,78989,"55100,46118,21426,45050,10674,10929,19448,40410,52682,6186"
80655,80655,"58237,18658,63342,24675,43747,64441,25195,1206,27994,17678"
80799,80799,"64838,63316,23827,29631,45906,37321,42429,58532,64641,27566"
80834,80834,"46333,32894,1904,40429,15543,59386,55579,27575,59409,55435"
80914,80914,"65271,34914,58386,22676,45731,34560,24981,47645,64851,43258"
80926,80926,"6032,3991,48925,51364,36235,63628,56823,47296,18231,19854"
80954,80954,"55579,40015,57068,64820,13587,9804,35761,32894,56573,57050"
80968,80968,"62556,64356,55617,24699,51274,47494,18759,62725,7591,21202"
81268,81268,"63784,40015,46333,52742,36652,10175,50173,1338,64679,57135"
81867,81867,"20851,33777,46845,27015,33661,39161,36365,25530,60839,19849"
83207,83207,"10179,7674,58512,46459,23595,12707,41760,15656,4801,55523"
83870,83870,"50406,1904,43846,63844,61320,46759,57125,22280,33405,51060"
84235,84235,"35472,44215,40015,39177,51537,18801,15665,55579,1904,53506"
84455,84455,"54177,36289,57371,38245,10334,54247,58560,6057,6493,51060"
84469,84469,"43747,33469,22676,20532,55118,48985,18701,26005,42975,13648"
84855,84855,"59570,6990,46309,18110,13704,36760,12046,42673,14895,40281"
84892,84892,"21507,40429,15543,43747,32894,37464,46333,52879,24999,50263"
85074,85074,"20266,25362,48648,52443,12443,361,32052,13067,14677,47860"
85354,85354,"40015,20266,25362,55835,28340,42998,7206,25760,55579,20307"
85503,85503,"51364,13648,25544,45731,35122,16064,36352,32040,10366,9360"
85889,85889,"54794,48962,38388,40644,30457,64356,57285,42989,24675,1523"
86334,86334,"61099,49122,51897,42814,28731,52337,30821,49878,49490,47293"
88113,88113,"55100,46118,45050,21426,10674,10929,19448,52682,40410,44437"
88213,88213,"9567,56573,57068,9365,5084,54372,11501,55055,16807,56823"
88386,88386,"61437,3991,65005,58237,13648,61941,47296,17966,57501,19462"
88509,88509,"60396,49122,35472,31532,40015,11809,20722,58097,7992,14028"
88578,88578,"55100,46118,21426,45050,10674,10929,19448,40410,44437,30111"
88682,88682,"13648,54372,43967,32894,24787,60682,15156,36289,29734,6928"
89371,89371,"45396,3949,2791,13216,18701,13648,36289,23300,47536,51668"
89708,89708,"1978,20266,44069,40015,55579,43747,20307,62369,54794,8077"
89877,89877,"50935,11982,1978,7240,17553,58323,59209,12967,39563,59409"
90048,90048,"64820,55579,37739,31106,51374,65047,12967,4835,59135,40015"
91154,91154,"3949,461,40015,6437,12862,59409,33892,51115,32894,25974"
91400,91400,"35863,23248,51364,39601,35167,30523,33285,20532,64289,25275"
91432,91432,"43747,40015,49490,28340,36646,34925,19139,34212,8624,25340"
91812,91812,"12458,51364,3991,4026,50357,18790,54862,54804,50406,60126"
92344,92344,"19658,50357,33204,11212,8327,19854,25284,27604,49921,48925"
92626,92626,"55835,30904,28340,29241,34751,33418,21817,32547,1073,27782"
92779,92779,"55100,45050,46118,40410,52682,19448,27763,21426,10929,10674"
93357,93357,"11962,37458,29598,26005,14204,39983,14630,39563,58933,13554"
94005,94005,"55579,40015,20266,55835,28340,20307,30904,61562,56739,37740"
94818,94818,"55835,20266,28340,30904,40015,29241,25060,61562,34751,37740"
94855,94855,"22357,30365,37091,53133,1904,46326,61840,42998,38438,30882"
95142,95142,"37458,47645,2454,1904,36282,32894,21960,12951,49105,64058"
96660,96660,"37458,34345,1904,31617,60736,55579,33777,63379,19209,1338"
97284,97284,"49122,6097,7992,16966,52946,20722,39563,55579,34795,12468"
97751,97751,"55100,46118,21426,45050,19448,10674,10929,40410,52682,44437"
98021,98021,"55579,54794,40015,39563,31608,46353,49122,14730,12359,31605"
98134,98134,"32894,50357,11982,40429,57501,4215,24675,59026,14028,5084"
98219,98219,"55835,30904,29241,28340,20266,40015,27842,27782,21817,33418"
98309,98309,"58647,41921,2333,16500,41761,19854,57501,33285,58323,47645"
98390,98390,"35863,42998,39601,4835,63879,58218,34560,57018,393,39793"
98636,98636,"42998,12667,36368,12652,43747,9567,28707,25012,41147,46087"
98908,98908,"55579,20266,40015,55835,38017,28340,13067,30904,25060,20307"
99154,99154,"33988,19954,49541,44305,25645,59782,16628,48962,4275,64851"
99183,99183,"55100,46118,21426,45050,10674,10929,40410,19448,52682,44437"
99571,99571,"49122,20722,51668,7992,46353,21454,49878,30821,43571,27247"
100080,100080,"46333,50357,19204,37468,63628,4835,39563,18202,55758,51837"
100618,100618,"12473,50336,41040,34940,12729,65293,62367,39824,7569,62937"
100818,100818,"17868,17522,64820,6835,33825,51668,57389,35860,48588,55835"
101349,101349,"52037,23876,11982,61235,33204,4617,12473,51364,6001,51085"
101532,101532,"43747,25340,8624,19139,33777,23840,40429,13075,36646,49490"
101930,101930,"4617,49584,1055,49541,56290,39981,49707,56243,22915,15845"
102104,102104,"49122,46353,55579,30821,7992,33167,40015,43571,42814,20722"
102348,102348,"55100,27763,46118,21426,45050,10674,10929,19448,40410,30111"
102429,102429,"13080,13648,7431,56573,16763,39793,7549,58647,13216,24999"
102474,102474,"36352,8880,58463,54794,27992,31514,46469,58049,12473,23300"
102537,102537,"55100,46118,21426,45050,10674,10929,19448,40410,52682,44437"
103711,103711,"53506,50665,60959,34496,54278,56421,26273,23760,33777,55615"
104296,104296,"55100,46118,21426,10674,10929,44437,19448,45050,52682,30111"
104453,104453,"47106,61235,23248,61437,51364,49752,6181,26793,48985,27717"
104839,104839,"55579,46353,49122,40015,33167,31532,39563,30821,19034,47958"
105141,105141,"52337,49122,63205,4497,7992,20722,39953,53172,4079,40015"
105842,105842,"55579,46373,14864,2580,43884,14601,59663,31608,55119,64768"
106123,106123,"55579,45308,20307,46887,49752,20266,55835,53322,28340,63434"
106970,106970,"33204,19854,58101,50935,17966,28707,35678,5084,33469,24981"
107046,107046,"55579,46333,12667,11962,63749,51364,435,46887,36181,37321"
107652,107652,"34560,41921,3949,57018,64391,32894,25340,29848,1904,13493"
108273,108273,"13648,42560,19658,3949,42726,54862,23876,37321,28707,35678"
110248,110248,"59717,25261,16763,60007,51085,56823,46887,59409,46867,21963"
110795,110795,"5084,42560,45731,51364,46887,55758,1206,46333,54206,39025"
111479,111479,"5937,65005,58386,39297,4911,54372,25275,60736,61235,55409"
111654,111654,"12471,55579,11738,42998,55409,40015,29224,52742,55219,61340"
111722,111722,"55347,36352,331,27437,4018,28707,11962,23300,30236,64441"
111790,111790,"55758,12667,19954,49541,25645,63628,48101,42726,18231,9450"
111837,111837,"42975,27994,11962,49780,54879,63879,54206,23971,35610,5084"
113994,113994,"6001,12667,51364,55579,49780,27717,40950,24002,53447,54868"
114390,114390,"35678,44836,5571,51077,10328,58308,48896,24379,37192,11345"
114710,114710,"40015,55579,55835,20266,28340,54794,30904,54229,20307,8318"
115118,115118,"37321,48925,27994,4275,23365,18231,21507,7549,24675,16807"
115383,115383,"55100,46118,45050,21426,10674,10929,19448,40410,52682,44437"
115632,115632,"12967,55835,31532,49122,30904,46353,50778,20266,20722,22383"
116097,116097,"55523,50857,54275,63212,43495,61274,45484,44396,39155,61675"
116376,116376,"40015,24597,55835,55579,43747,8318,20266,1981,34208,15656"
116877,116877,"61235,11962,31179,12473,13648,7033,10366,33127,7240,27301"
117701,117701,"49122,13369,7992,20722,53447,12468,49737,21392,615,27247"
117877,117877,"32894,55579,20266,4497,4079,56142,19424,8077,682,40015"
118306,118306,"28707,51374,25275,62500,4275,1979,63628,40809,21527,11992"
119947,119947,"61235,51077,55100,14832,27304,10328,42998,36693,27763,45050"
120017,120017,"44077,15611,48925,48893,54868,64838,18231,39208,60126,28776"
120921,120921,"49122,16200,58386,16857,7992,49878,20722,46353,21454,49737"
120925,120925,"55100,46118,21426,45050,10674,10929,19448,40410,44437,52682"
121414,121414,"55100,62583,46118,21426,44437,10674,45050,10929,19448,30111"
121713,121713,"61235,48962,24675,51374,60646,37321,23040,39025,24047,17256"
121834,121834,"23300,45731,13648,61037,2791,12473,5084,43258,55055,38570"
122563,122563,"26774,8770,32783,39297,2193,43571,49122,59409,50458,44364"
122654,122654,"51668,55409,58218,57173,14522,6001,1904,28748,19204,63879"
122904,122904,"46373,58237,6257,51364,45731,16807,54853,5156,40932,24675"
123506,123506,"36289,37321,12667,60969,4275,56998,54372,44305,51374,22020"
123529,123529,"9567,24675,37321,35122,19954,56381,55758,63628,19854,36235"
123594,123594,"40015,24597,55835,55579,43747,8318,20266,1981,34208,15656"
123741,123741,"55100,46118,21426,45050,19448,10674,10929,40410,52682,44437"
123837,123837,"33777,54177,36289,38245,57371,54853,41147,46087,58560,51060"
124619,124619,"40015,30904,52742,63205,28340,20266,29241,33418,34751,1255"
125374,125374,"16763,47645,23365,18701,50935,46887,64797,19452,43332,50357"
126040,126040,"60736,54206,9567,65005,47645,17256,3060,24981,44454,33517"
126230,126230,"47832,7842,46333,19854,51374,33204,17966,33705,47296,25284"
126384,126384,"54853,52037,17966,25544,23300,60126,16763,33777,50935,58647"
126503,126503,"21454,2691,55579,49122,46353,37458,33167,42814,53376,30821"
126834,126834,"16807,18458,20266,60690,1213,28012,46042,39138,1682,840"
126953,126953,"5937,24981,15656,35472,53447,59409,54206,53838,58647,56823"
127263,127263,"35472,32060,44215,15665,39177,40015,1904,6936,55579,56290"
127523,127523,"40015,2331,54794,51076,10179,44559,33777,50920,3949,64537"
127603,127603,"30428,23248,14110,42245,33637,36181,25275,37599,54550,50935"
128097,128097,"19805,15656,59386,55579,28227,38456,59409,32894,60296,19193"
128252,128252,"58386,7033,48925,55118,48613,48893,42726,28748,54868,57501"
128342,128342,"18701,36352,5937,49541,34560,13648,23300,3949,25284,17966"
128780,128780,"54794,60007,1774,644,37381,40015,35761,27763,65005,40839"
129382,129382,"56573,40015,54868,49122,46796,46154,27763,57015,42998,55579"
129407,129407,"37515,994,7193,42998,2687,13170,16807,12667,11982,62787"
129518,129518,"19658,12473,42975,7240,47296,60970,36289,14028,27717,10366"
129805,129805,"4835,23300,16763,9360,60118,21427,52037,19854,29502,9365"
129984,129984,"47296,12667,26774,6181,39297,54794,6097,40429,12951,33469"
130109,130109,"55409,47832,10179,53447,23300,479,62428,61780,63757,14522"
130564,130564,"48543,23300,26774,2791,59409,9567,47296,40932,1981,43258"
131209,131209,"40579,19854,50935,11982,60969,60736,7549,13648,32894,1978"
131381,131381,"62428,63784,4026,51137,62702,51374,52742,14108,58237,26080"
131399,131399,"36235,3991,1206,19658,44836,48925,46887,8656,51374,6181"
131420,131420,"55579,49122,46353,7992,33167,42814,49878,40015,34982,54794"
132025,132025,"24675,16763,3949,46333,40950,55758,13216,2333,47296,18231"
132684,132684,"55835,51840,10854,1879,3949,24468,28707,39084,10336,25545"
134137,134137,"58218,61941,37321,4835,12473,11982,6001,11626,50935,63628"
135250,135250,"40015,55579,63353,49122,20266,7992,55835,28340,64742,31532"
136131,136131,"9567,63628,59409,50935,46333,14522,21507,52037,21963,8327"
136184,136184,"49780,55758,41285,56823,55055,16763,12473,23971,51364,58237"
136493,136493,"42726,55118,32894,48031,18514,13648,55409,3991,22357,47536"
137494,137494,"1981,12967,40015,47958,55100,45660,50499,12473,63205,39563"
137608,137608,"40015,12473,21454,25276,27329,14254,1981,3485,47958,54043"
137640,137640,"52682,26774,2791,45050,55100,2193,24999,43258,27763,19448"
138333,138333,"13648,58237,12473,4275,19954,48985,14522,63879,2073,16763"
138391,138391,"55579,49122,42814,31605,7992,56950,30821,49737,49878,20722"
140375,140375,"40429,55579,12862,7193,34610,46333,52879,59026,33188,2687"
140415,140415,"21149,50357,43747,60413,97,28065,55938,54867,30781,58481"
140441,140441,"12473,52576,11962,46333,14189,42726,55055,54206,54372,22357"
140729,140729,"18701,11992,59409,36352,33705,50357,9450,25275,60126,54879"
140953,140953,"10179,40015,20266,34208,55835,33777,35761,2318,22632,20211"
141278,141278,"20648,54206,59409,24597,47615,35761,10104,33777,43855,2853"
141580,141580,"55100,46118,45050,21426,19448,27763,10674,10929,40410,52682"
141666,141666,"50935,18701,22676,3991,54372,9781,4835,13777,11992,20479"
141804,141804,"56573,47645,24999,63628,48925,13648,24427,44646,7549,13066"
141979,141979,"40429,33777,20266,43747,59026,46333,23943,52879,12862,8841"
142189,142189,"41921,1904,17195,59409,3949,16104,55651,51970,35887,30091"
144165,144165,"41285,28707,43747,24787,21963,60646,60969,16763,61235,29167"
144455,144455,"12667,43747,3991,48849,48031,11676,59683,8318,4835,10179"
144858,144858,"47645,64441,24675,5937,54372,9567,1206,11212,57068,16200"
145267,145267,"55409,55835,43747,20266,45660,40015,42998,30904,34751,29241"
145446,145446,"40015,31532,46353,33167,30821,12473,34982,34345,59364,26273"
145492,145492,"19658,2791,43258,42975,4126,18231,51364,47296,39025,19954"
146338,146338,"60969,10179,52037,479,24787,50935,41789,11982,46102,16628"
146611,146611,"24675,41285,48101,6181,28707,23300,59409,34560,59782,11992"
147295,147295,"47645,55409,6001,41285,54022,41105,24675,58237,15130,23365"
147486,147486,"15725,43967,58237,9360,36352,25544,59556,20648,52142,57068"
147835,147835,"60612,54853,7569,36352,64838,16628,58308,19851,8065,9546"
147904,147904,"7736,32894,42975,5937,18658,43967,17553,47645,49780,25195"
148048,148048,"24675,23300,51364,11097,35216,11962,48031,43332,16763,6001"
148208,148208,"55100,46118,45050,21426,10674,19448,10929,52682,40410,27763"
148415,148415,"25275,55409,24981,1206,45731,42726,59683,15665,16807,30236"
149673,149673,"5937,20266,42998,61520,9566,31532,40015,682,10175,60142"
149731,149731,"32894,4497,13279,4079,34724,8017,23889,3648,56142,20266"
149837,149837,"17966,56998,35863,14189,63628,12473,49780,56331,36289,43258"
149937,149937,"23595,55523,4801,7902,15656,16360,11998,33371,41706,12967"
150163,150163,"32894,33405,55579,55835,40015,20266,20307,41213,28340,33777"
150503,150503,"9567,6001,55409,16763,62120,51364,18701,11962,63205,47296"
150636,150636,"37321,64022,48925,26774,48893,11158,58237,19462,48985,46154"
150789,150789,"1206,55409,23971,18658,42975,45241,4835,54372,18801,53447"
151231,151231,"18932,55409,51270,49846,49921,48389,13648,27530,51364,24002"
152241,152241,"18231,9567,19954,12667,24288,53447,57068,11992,51270,40950"
152937,152937,"27604,64832,40015,18801,17701,55579,39639,21151,682,43747"
153074,153074,"28340,36459,45954,6182,17427,55835,25060,61562,37740,29241"
153464,153464,"57501,3949,21527,54206,18932,59409,58237,24981,11158,42560"
153963,153963,"55579,64820,55835,24597,28340,40015,17701,35761,61395,18801"
154068,154068,"25275,32894,25340,32577,33777,19047,1904,61340,31238,38654"
154092,154092,"6181,41945,9567,7736,54022,53995,58218,55055,47296,13648"
154424,154424,"48925,48893,56823,37321,1206,54868,35390,49780,54372,62221"
154464,154464,"55579,62369,39563,40948,59409,50888,20266,6973,40015,35761"
154531,154531,"27763,55100,60736,60007,9361,20810,45050,57015,40410,60800"
154764,154764,"32894,42975,55055,11982,60646,51364,55118,48849,54206,13648"
155716,155716,"2791,18801,64801,36352,54022,22401,21454,47615,43258,6181"
155869,155869,"20266,55579,35472,32060,44215,1981,54794,40015,39177,12951"
157009,157009,"48389,55409,15156,2791,9360,58237,15579,57134,57386,18658"
157274,157274,"36181,29925,2857,52912,39818,52555,1255,53444,51115,58638"
157287,157287,"51364,50935,3991,40950,58218,46333,63137,23876,41926,25544"
158254,158254,"55100,45050,46118,21426,27763,52682,10674,19448,10929,40410"
158381,158381,"35863,13648,23300,21917,48925,56823,6181,41105,14522,4835"
158502,158502,"62029,59688,5937,7842,47832,35678,40429,14832,26774,46333"
158839,158839,"12473,23300,2791,52142,40932,43258,28748,28776,58237,14522"
159201,159201,"49122,46353,55579,7992,30821,49878,40015,20722,33167,42814"
160102,160102,"32894,4497,55435,63205,1981,55579,40015,8017,46661,20266"
160110,160110,"20851,39161,46845,27015,33661,36494,60839,60959,25530,33777"
160922,160922,"3877,7736,19954,37468,741,50357,54853,58386,41105,57501"
160952,160952,"5937,63137,64392,23158,13855,60969,58647,41285,1206,19658"
161782,161782,"12123,6001,44305,51374,60736,56998,12667,21507,59683,34230"
161860,161860,"24999,26774,52117,2193,7992,58847,55835,52682,54061,48722"
162151,162151,"61880,35276,55835,29241,19127,52955,30904,27842,34751,32547"
162152,162152,"20266,55579,28340,55835,20307,40015,54794,30904,61562,25060"
162225,162225,"26774,51441,59365,15994,13648,47296,57068,18514,173,49541"
162244,162244,"23248,33637,11992,54076,14110,38912,49752,30428,58218,48571"
163919,163919,"42998,12667,36368,12652,43747,9567,28707,25012,41147,46087"
164241,164241,"55579,59903,56573,54794,43747,25974,42998,23851,682,35761"
164804,164804,"24912,12489,37182,19849,11626,31504,45246,57050,2903,51668"
165482,165482,"46333,40429,461,32894,55835,6437,55579,28340,5554,30904"
165793,165793,"9567,4617,11962,4126,51364,7549,13648,61235,59683,58323"
166285,166285,"51364,50357,41285,25243,14853,51085,4617,48101,9567,16763"
166567,166567,"6001,34623,36289,63879,25544,23365,23876,2333,60682,58218"
166704,166704,"57482,6181,23356,19851,29480,60682,63205,60052,10178,31024"
166797,166797,"58101,43918,43747,51085,32894,51374,16807,7704,19992,49780"
167577,167577,"27704,5185,52661,64151,23848,4479,55056,59386,60126,56701"
168260,168260,"33777,54278,54177,55835,13943,37458,34795,34856,26273,40015"
168512,168512,"55100,46118,45050,21426,27763,10674,52682,19448,40410,10929"
168863,168863,"19854,682,45906,44649,56305,64832,845,39547,20266,55409"
169287,169287,"52792,50285,39528,21238,35964,34464,30283,19154,59559,29711"
169298,169298,"46887,52531,40932,18801,27717,37321,60646,54372,48031,58218"
169310,169310,"54853,59260,43747,19684,49656,42998,173,15665,38685,12667"
169443,169443,"32040,47832,60682,59741,17553,22869,54372,48925,16763,18658"
170082,170082,"12951,27530,33083,33777,37458,20851,49122,57185,34953,9916"
170272,170272,"9567,48101,53447,4275,29167,27994,8065,60970,13216,61437"
170303,170303,"34677,49946,35863,51374,15665,17553,52337,50357,59209,33204"
170637,170637,"55579,38111,29793,59820,45660,63970,46333,34710,64120,28759"
170720,170720,"49122,55579,7992,34128,14864,20722,63353,12468,46373,33987"
170917,170917,"18658,37321,28416,3991,35863,40932,6181,1529,43774,29513"
171125,171125,"7992,49122,12862,36015,55579,9497,54794,20722,55100,46633"
171705,171705,"64241,55835,1981,40015,35761,48134,53376,13369,37458,20615"
171815,171815,"35472,32060,44215,15665,39177,40015,1904,55579,6936,56290"
172127,172127,"36289,12667,25243,6181,4617,46887,18658,61235,33127,46333"
172469,172469,"11962,1978,42998,16763,48962,24675,52037,24787,54965,3991"
173006,173006,"55409,55835,43747,20266,45660,40015,42998,30904,34751,29241"
173450,173450,"55835,28340,30904,40015,29241,34751,18801,33418,27782,21817"
174444,174444,"18241,1904,61037,53011,32752,5792,23680,37458,61854,7981"
174893,174893,"35678,3877,64741,54588,7372,23178,43747,40809,15508,43407"
175134,175134,"49122,615,20722,7992,55579,12468,27247,52946,49878,11809"
175323,175323,"53447,5571,47803,4598,58308,10179,7931,42998,60231,57482"
175508,175508,"20266,28340,25060,55835,41673,54794,40015,30904,37740,29241"
176173,176173,"39563,58044,49122,32894,52032,32498,16966,34230,56694,64950"
177089,177089,"40015,1904,43747,51280,54022,19684,15331,35761,55579,43918"
177293,177293,"28707,46333,25906,31105,40809,34503,34280,46887,54886,27100"
178058,178058,"55835,28340,30904,20266,29241,34751,21817,32547,33418,40015"
178582,178582,"55100,14087,27763,51668,38158,46118,21426,40410,10674,10929"
178761,178761,"11962,30657,45660,43747,57805,6973,12667,10572,39563,33822"
179027,179027,"40015,7569,37458,44836,59903,41254,42998,60240,56830,36228"
179474,179474,"11992,51364,18701,17256,9567,48419,43774,27717,36352,42975"
179686,179686,"18701,51374,46887,28416,57185,54879,51270,55055,24288,64801"
180490,180490,"55835,30904,28340,29241,34751,33418,21817,32547,1073,33777"
180779,180779,"7569,55835,40015,12007,12473,20266,30904,26273,54794,28340"
180877,180877,"46333,47645,43258,13648,2791,16807,3060,19658,16763,19694"
180931,180931,"6181,4835,11054,11097,49780,64441,43747,30405,42726,1904"
181314,181314,"31069,48925,55758,34560,33705,48101,59209,741,51270,37066"
182094,182094,"28340,25060,6182,55835,31281,61562,14323,36566,36082,37740"
182401,182401,"19954,49541,58386,1978,58647,64801,45696,48962,10366,63879"
182612,182612,"59409,27757,9865,20722,20648,35761,24597,7992,63844,54206"
182895,182895,"58237,46333,61941,57173,48985,23300,1529,58218,36289,60969"
183054,183054,"55100,46118,45050,21426,10674,52682,19448,10929,40410,27763"
183895,183895,"55100,46118,21426,45050,10674,10929,19448,40410,52682,44437"
184022,184022,"13648,26774,23365,56823,51364,24675,22401,16807,48925,27530"
184591,184591,"5937,24675,24999,50935,50357,54372,58386,45731,51364,58101"
184625,184625,"1904,40015,33452,25974,50888,64820,28340,52742,42998,62369"
184671,184671,"3949,16807,63831,47536,44186,30006,22871,4579,23680,30252"
184771,184771,"28707,25275,4026,35863,60682,24675,45665,50935,31502,26793"
185059,185059,"11158,29502,48159,7384,19518,3949,12013,13506,52742,1338"
185629,185629,"9781,6001,12473,18658,11982,18801,46333,1206,59782,3991"
186062,186062,"63628,17966,35863,64471,36904,32040,59741,35122,28707,18243"
186410,186410,"2687,54794,42998,53506,55579,60913,40429,60969,19034,34610"
186417,186417,"56573,4835,18701,2791,17966,4126,57068,46154,53447,6001"
186501,186501,"63784,4026,36652,50173,20043,64679,42229,48765,24042,40015"
186565,186565,"55100,46118,21426,45050,10674,10929,19448,40410,6186,44437"
186586,186586,"33777,27005,1904,42484,47639,5898,42998,54177,47832,5393"
186673,186673,"1904,64820,1981,35472,32060,44215,39177,15665,51537,46723"
186846,186846,"43747,57482,47259,59717,59409,45189,10287,51280,6698,54022"
187546,187546,"11962,10572,37458,29598,57840,26005,14204,39983,14630,58933"
187931,187931,"51364,18701,40015,1978,19974,52531,48655,55055,59903,43967"
188427,188427,"55579,40015,20266,6973,43747,59409,50888,28340,35761,54794"
188702,188702,"40015,17500,46153,14522,57884,35161,41441,27691,36070,19658"
188854,188854,"47958,31532,55100,40015,46798,1216,59364,46118,32546,45050"
189178,189178,"51668,26774,51364,63628,27717,2791,9360,18801,21527,62500"
189526,189526,"26615,12473,54372,16763,51364,63137,7240,49780,64801,51270"
190208,190208,"26423,48509,52142,29538,63353,29342,15130,54794,32415,62369"
190747,190747,"40015,20266,32273,36566,28340,64820,54794,55835,38982,56836"
190819,190819,"20266,55835,28340,43747,30904,20307,1904,40015,29241,34751"
191350,191350,"40015,55579,59903,54794,61827,51218,33777,31179,10993,9804"
191485,191485,"55835,20266,28340,30904,40015,29241,20307,55579,61562,34751"
192407,192407,"55835,30904,29241,28340,34751,53972,27842,28759,27782,33418"
192867,192867,"49122,7992,55579,42814,20722,31605,31532,49490,30821,12468"
193101,193101,"18701,45589,7525,43967,64441,24981,50935,64838,54206,41285"
193265,193265,"33777,42726,59409,21963,46333,13369,11962,39208,29502,54853"
193386,193386,"42998,38211,51364,19658,18231,2333,57068,51374,63757,57134"
194000,194000,"39563,38672,26615,63970,27842,27822,33405,4738,21200,1799"
195019,195019,"13648,37321,54372,3949,48925,47832,22357,47536,13216,60682"
195373,195373,"7431,54206,42726,393,24981,45731,16807,50357,18202,13216"
195628,195628,"33405,20266,22121,32273,9567,36566,39601,38982,14263,12667"
196067,196067,"44646,43332,49780,59209,48419,50357,42726,9567,421,58308"
197504,197504,"50357,54372,37321,54794,6001,59570,29502,55409,34230,6990"
198703,198703,"12667,3991,15665,60969,36904,61235,2857,36235,51374,43258"
198779,198779,"55835,54794,28984,46353,28340,16174,34751,30904,43747,50224"
198848,198848,"16807,22676,53447,19658,54372,18514,46373,6181,17500,25544"
199084,199084,"33777,10334,18209,25060,28340,54177,36289,55835,20266,57371"
199174,199174,"54011,12473,63137,46887,46373,36289,19658,1255,35863,14853"
199854,199854,"52742,1255,1147,45798,7076,55835,54124,8288,63205,27763"
199887,199887,"48925,56823,63879,40950,17966,12667,55758,60690,43918,11158"
200098,200098,"46887,58237,55055,40767,19954,19694,32040,54372,58101,13648"
200347,200347,"12951,54794,53651,49673,9865,15608,50197,55579,60118,55421"
200395,200395,"9567,11962,1529,33777,14522,54022,12667,4835,50357,48849"
200784,200784,"35167,39563,1904,63844,55579,62369,59409,35761,50888,58646"
201062,201062,"55579,33777,40015,51060,49122,48756,20722,40112,22249,30170"
201233,201233,"26774,21129,33821,11097,63628,52531,3991,21507,7968,37326"
201777,201777,"2791,43258,23300,18269,52576,21427,22020,27329,26793,51668"
201782,201782,"3949,40015,33777,54794,32754,30001,33614,25974,54074,59409"
202079,202079,"47296,63868,59409,54794,55409,37321,55835,11158,3877,24675"
202459,202459,"43747,40015,55835,18801,42998,35256,33777,35761,28340,54794"
202704,202704,"54794,26615,40015,20266,15665,23604,31793,55579,461,55835"
202758,202758,"35167,48810,40156,99,33614,36181,43738,41763,53440,56874"
202877,202877,"43747,53447,64441,44069,64838,27717,11982,9219,23248,50357"
203533,203533,"58044,52032,32894,39563,49122,16966,39002,32498,64950,17311"
203934,203934,"15656,46333,28707,12473,60118,18701,36289,52576,53995,55055"
203963,203963,"55579,40015,59409,28340,55835,31617,11738,30904,53856,29241"
204103,204103,"55100,46118,10674,10929,40410,21426,19448,30111,6186,44437"
204424,204424,"28926,55545,49780,16763,57346,51440,36235,14522,7569,51364"
204766,204766,"49122,7992,55579,42814,12468,20722,39563,52946,49878,46353"
205235,205235,"40015,25974,54794,7992,3949,55579,49122,20722,27763,35761"
206207,206207,"50935,12951,49122,35761,40015,49490,24597,7992,43747,53306"
206218,206218,"53447,54372,24675,54206,36289,36549,54853,11992,34560,48925"
206778,206778,"55835,28340,20266,36082,30904,54794,29241,27763,6182,61562"
208037,208037,"61773,29929,24055,27989,33911,50357,682,55409,48244,9840"
208439,208439,"53506,23680,49122,55579,1904,13216,12088,55624,63844,64851"
208664,208664,"36646,46887,31532,28707,20266,59169,12468,49825,34280,7992"
209698,209698,"36352,1529,58218,52576,12473,45731,11967,21427,49780,45922"
209706,209706,"20266,63205,55835,10179,34856,33777,35167,40015,12473,20307"
209746,209746,"27704,60126,64151,52661,56701,26626,23848,38456,55056,34230"
209943,209943,"54794,40015,1904,55835,15331,62583,20266,28340,30904,35472"
210351,210351,"2791,12473,23300,36352,19132,15383,52682,2658,1529,45050"
210414,210414,"37321,48925,57068,42998,18701,48893,8087,6001,48101,19954"
211191,211191,"1904,2333,55758,42726,42998,51270,18231,54022,54965,29291"
211222,211222,"35863,59409,24675,51374,51364,37184,1981,57473,19851,2791"
211335,211335,"12667,51364,51374,19954,54853,3949,20532,47119,12473,55055"
212056,212056,"50935,16960,11982,55579,17701,55438,22120,18801,60481,48905"
212113,212113,"26793,23876,12473,55100,51668,46118,48622,45050,58438,52682"
212263,212263,"13216,16807,35863,54853,53447,46333,11962,21963,61274,41761"
212410,212410,"51085,20266,28340,25060,36011,62485,36566,32273,38982,49780"
212619,212619,"7240,50935,19854,44836,11676,63879,42084,48419,479,23943"
213354,213354,"9567,32894,13648,5937,27604,50935,64832,56823,12951,25685"
213367,213367,"12473,12667,51364,2791,23971,54879,40950,57134,46887,7736"
213622,213622,"18658,47645,10366,28416,19658,6961,33204,7736,25284,3991"
213875,213875,"42998,3949,55100,1904,36235,13216,19047,17556,25974,15208"
214168,214168,"9567,26358,34623,11982,57501,22357,51364,6726,47645,54879"
214404,214404,"40015,55579,7992,49122,60396,54794,20722,11809,31532,53856"
215504,215504,"18932,6257,19658,55758,58101,48655,33127,20479,20532,55318"
215624,215624,"6001,22401,46333,23018,4835,48101,54853,48031,11158,4126"
215793,215793,"35863,33469,63205,11962,51668,49780,57068,58323,7357,24675"
215910,215910,"51364,55758,60969,7431,24999,46102,25340,48925,45731,47076"
216233,216233,"43967,11962,5937,56823,16763,4275,61235,42726,25275,46887"
216931,216931,"33777,44559,51076,50920,40015,24597,10179,55579,35761,8009"
217215,217215,"40015,55835,55579,43884,1904,35761,51084,2527,33039,10345"
217378,217378,"35863,63137,47645,24675,64289,24999,6080,19694,61235,38800"
217387,217387,"13324,49780,55545,16763,57346,51440,36235,7569,14522,51364"
217546,217546,"37515,994,7193,42998,2687,13170,12667,16807,11982,62787"
218052,218052,"12667,17553,13648,58101,1904,59409,54372,4911,13216,42998"
218187,218187,"40015,54794,53447,32894,62369,18801,14285,6973,58237,39563"
218486,218486,"36181,35167,2857,1255,47645,58638,6666,51115,52555,15665"
218721,218721,"11738,51934,1904,50406,3808,1338,40015,43431,55579,42998"
219212,219212,"55579,39563,55435,54794,1904,40015,61854,46353,43747,162"
219397,219397,"13216,47536,39825,30006,44186,40813,53447,39484,56925,39303"
219697,219697,"12667,50357,51364,13648,55055,19954,9567,5480,49288,52037"
220075,220075,"58237,7431,24675,6181,36235,18458,24787,55523,42560,63212"
220481,220481,"19954,9567,40767,2791,18932,12473,35863,56823,50173,11158"
220664,220664,"12473,33777,1981,2786,15665,33405,3949,35472,43747,61235"
221434,221434,"51364,11982,49780,55409,50935,40950,11097,23300,37944,2791"
221484,221484,"9567,61235,47296,6181,7431,19658,33405,55118,42998,64241"
221833,221833,"35472,32060,40015,39177,1904,15665,51537,55579,54794,6936"
221869,221869,"3949,44836,58218,11982,6181,26774,14522,64441,35863,21963"
222160,222160,"62970,54794,9497,46887,56823,48507,15593,37064,21963,19311"
222290,222290,"7982,34623,6001,47645,46333,40932,24787,24675,54206,58323"
222509,222509,"13887,55835,26615,24999,64820,54447,12473,1981,19281,64348"
222541,222541,"6181,7431,58237,35863,3877,43967,54022,51374,4026,48849"
223012,223012,"13648,46333,33777,24675,42726,5084,49752,48031,11097,22357"
223079,223079,"58237,18801,3877,35256,35863,9567,55758,45922,43967,18231"
223092,223092,"55835,20266,28340,30904,40015,29241,20307,61562,55579,34751"
223109,223109,"54794,55835,25526,33777,61684,39813,8656,60560,24379,44836"
223578,223578,"63628,25275,48031,47536,50357,48925,23876,26846,64441,51298"
223863,223863,"40015,55835,20266,28340,30904,29241,34751,27782,27842,21817"
223976,223976,"64441,18658,12667,42975,28416,1978,25195,54879,26846,5651"
224041,224041,"24981,37321,11982,3991,48925,19854,5937,16763,51685,54372"
224048,224048,"36289,12667,37321,4275,60969,56998,54372,51374,22020,44305"
224661,224661,"46353,49122,30821,31532,33167,24715,47958,42814,39563,34982"
225149,225149,"55100,42998,54853,46118,45050,21426,27763,10674,19448,52682"
225281,225281,"55835,26615,55579,30904,28340,29241,21817,40015,32547,54794"
225317,225317,"55835,56157,15383,33777,20266,32547,30904,63246,46899,33418"
226227,226227,"51364,19658,47296,54879,52576,23018,1529,49541,21527,14189"
226627,226627,"32894,9567,51374,60126,63628,55758,6181,16763,54022,52576"
226972,226972,"20266,31532,55579,52443,25362,46887,49122,7992,54794,46353"
227022,227022,"64189,33509,51364,9360,60682,52531,60736,47536,54022,21527"
227448,227448,"39563,7549,57018,64391,8895,17558,12667,7548,62937,25340"
227683,227683,"12667,24675,13648,55758,54372,34560,45731,41761,7033,11967"
227817,227817,"36352,43967,50357,42975,25284,42726,26793,28748,32486,39860"
229142,229142,"57185,43747,54794,44878,20266,9417,52142,30833,283,42580"
229212,229212,"55100,15704,46118,27763,45050,21426,10674,10929,27304,37458"
229558,229558,"51755,30405,35863,20851,44836,12473,4617,4275,64441,36235"
229789,229789,"57501,60682,19658,23365,22357,42726,51364,8065,48419,56998"
230068,230068,"9567,14522,55409,19658,42726,18658,11097,33821,54868,27217"
230081,230081,"16763,46333,7736,10179,18874,63305,26615,59209,64801,3087"
230139,230139,"14599,27691,17500,21091,3949,51364,9567,26793,54868,15242"
230160,230160,"15543,55579,22249,27471,42998,1904,41753,33777,51060,40015"
230169,230169,"13067,15153,13369,17887,38017,8487,20861,20266,48648,34597"
230641,230641,"36289,8318,47832,43747,47639,55835,33777,24597,35761,57700"
230787,230787,"45050,55100,55835,52682,40015,43747,51668,46353,9458,55409"
230953,230953,"36289,32894,25544,61235,60889,10179,19854,16744,24288,48031"
231157,231157,"55579,59903,56573,54794,43747,25974,42998,23851,682,35761"
231254,231254,"51374,16807,18701,18458,59209,25275,46887,42560,53995,43967"
231284,231284,"42726,22357,63628,63212,11158,16763,29502,30405,16628,64801"
232083,232083,"43918,55579,32577,40015,59409,33777,10328,51218,51077,32206"
232938,232938,"1206,53447,19854,27530,9567,45731,46333,50935,60126,63879"
233077,233077,"47430,43747,33777,18801,34794,35761,29190,9654,30174,54794"
234427,234427,"55835,20266,28340,30904,29241,40015,61562,37740,34751,20307"
234433,234433,"47645,4275,20648,25275,36235,35863,64289,33821,63628,13855"
235062,235062,"16763,22357,18231,3383,46835,26615,54862,42726,54376,51685"
235089,235089,"11982,45731,50935,12473,56823,10179,48925,35863,42726,27530"
235299,235299,"1979,18874,55579,55835,16763,28340,29241,48486,27842,30904"
236155,236155,"55100,45050,46118,21426,52682,27763,10674,10929,19448,40410"
236230,236230,"46333,1904,55877,13032,50226,15039,55100,46118,11144,21426"
236586,236586,"12473,2791,10179,55835,63205,23300,43258,33777,34188,20266"
237764,237764,"14522,58323,11982,50935,57501,52037,64797,47430,55409,7842"
237902,237902,"28707,30766,9567,58301,55983,20266,56212,8400,52728,49254"
238553,238553,"57068,63628,11982,33469,54206,19954,54753,4617,24981,7704"
239091,239091,"39563,1904,49122,55579,27071,59820,61037,59518,7992,43128"
239140,239140,"55409,46333,53447,57068,37321,13648,48101,39710,2929,3991"
239970,239970,"59534,24675,36235,32894,47645,9567,11097,3949,24999,52142"
239971,239971,"12862,1904,40429,50928,33705,39563,55579,13032,15372,63958"
240067,240067,"43747,11676,32475,40015,12667,27855,19283,48958,29531,45660"
240399,240399,"9567,16763,55758,35109,28880,7028,4275,12667,14522,18231"
240705,240705,"47832,46887,9360,4275,42726,46333,37321,53995,42975,36235"
241036,241036,"6973,50888,13763,62369,51085,37464,55579,28666,19034,34211"
241104,241104,"55100,46118,45050,21426,10674,10929,19448,52682,40410,44437"
241240,241240,"1978,42998,9567,45696,24675,43747,25218,18231,50357,29291"
241861,241861,"20266,40015,55835,28340,30904,61562,25060,55579,20307,37740"
242783,242783,"26615,6484,35761,62363,64082,38163,64099,27704,48219,54884"
243016,243016,"14522,13648,63628,1981,51364,17966,24999,22401,16807,10366"
243126,243126,"49122,20722,55579,40015,54794,12468,46353,34128,3949,11809"
243160,243160,"55579,59903,56573,54794,43747,25974,42998,23851,682,35761"
243361,243361,"40015,55579,23851,13303,28340,20307,55835,59903,34212,53447"
243763,243763,"54794,7193,26673,28340,2687,34925,38158,6670,25060,13808"
243904,243904,"19954,53447,11501,57501,61235,5084,13303,7033,11962,7549"
244214,244214,"43747,41285,9781,23300,12473,55409,64441,30405,44836,14522"
244716,244716,"3991,36289,16807,48925,56823,19854,22676,51374,38111,60682"
245317,245317,"47296,37321,48031,25275,46807,9450,48925,8440,41761,18458"
245752,245752,"49122,33987,45245,16529,49780,43218,44387,34874,12088,7992"
246626,246626,"43918,32577,59409,10328,51077,40015,28954,32206,29793,27304"
246721,246721,"1904,40015,35472,28340,32060,27166,44215,55835,49847,37649"
246951,246951,"55100,46118,21426,45050,10674,10929,19448,6186,44437,40410"
247019,247019,"54372,42726,25261,45731,4026,55158,13648,52189,3087,37184"
247070,247070,"49780,12473,51364,56998,18658,29502,43918,5937,20532,29793"
247619,247619,"23848,27704,52661,64151,56701,4479,34230,32039,50046,38456"
248088,248088,"55835,20266,40015,30904,29241,20307,61562,34751,55579,25060"
248851,248851,"55835,30904,29241,34751,28340,40015,33777,27842,27782,33418"
249771,249771,"48132,12473,22020,12667,12007,7569,55055,47536,48031,44069"
249824,249824,"55835,20266,30904,29241,40015,34751,25060,27782,54794,61562"
250206,250206,"46691,29314,35863,49780,44069,13648,24981,23971,46887,20557"
250503,250503,"36235,54372,3949,17966,54853,18701,37321,54206,24981,9360"
250594,250594,"2300,58237,16763,57068,42998,8087,479,47536,51298,9567"
250895,250895,"32894,23300,3949,18701,36352,22357,24981,60969,41921,49541"
251101,251101,"61235,60126,48925,18231,11962,54372,36289,56823,42726,14189"
251383,251383,"55835,30904,54794,29241,28340,34751,21817,33418,20266,27782"
251387,251387,"23040,3087,24787,9723,19658,4126,16763,53838,54547,45547"
251649,251649,"45731,7431,33405,47076,22280,64699,18801,35172,42627,24999"
251768,251768,"9567,23300,13648,39860,62787,43967,60682,55055,54965,15665"
252324,252324,"27704,52661,64151,23848,4479,55056,59386,56701,32894,60126"
252702,252702,"45660,43747,55416,39563,12667,4593,30657,33821,63205,46887"
253294,253294,"53707,42998,18658,35256,51364,7079,9276,14522,7549,61274"
253425,253425,"51374,23876,46887,9567,54022,23365,19658,1255,24675,47296"
253858,253858,"21477,2791,50636,3991,19854,6181,23971,12473,32894,24787"
253923,253923,"49780,43747,20479,54853,23971,27717,52576,24675,8053,25275"
254163,254163,"55100,46118,45050,21426,10674,10929,19448,40410,52682,44437"
255499,255499,"17610,3949,18514,55055,15156,51081,36352,11992,16763,18932"
256088,256088,"42998,57068,36289,57501,64838,59683,33821,64289,3877,24981"
256326,256326,"46333,47296,54794,54879,23604,28707,63628,1978,12200,5480"
256790,256790,"55100,46118,21426,45050,10674,10929,19448,52682,40410,27763"
257225,257225,"55100,46118,21426,45050,10674,10929,19448,40410,44437,52682"
257370,257370,"4911,55579,14864,40015,16972,12473,35863,12967,64820,55758"
257767,257767,"39563,1904,27071,59518,59820,32894,43128,55579,49122,1080"
257790,257790,"56823,11158,32894,20532,741,23365,39208,58101,11962,49541"
257797,257797,"14522,19954,51364,24981,10179,56573,55409,49541,9781,41725"
257872,257872,"13648,36352,5937,58647,25284,27530,43967,45731,59464,48582"
257984,257984,"55579,54794,22450,2465,13496,3605,64362,40015,8017,28649"
258196,258196,"46887,40950,3991,58386,24999,64289,26774,12667,63879,4275"
258318,258318,"18798,29848,21454,13493,24675,34560,41921,2189,27436,26952"
258774,258774,"1981,32894,19034,20266,55579,35761,58113,55835,16174,11574"
259089,259089,"21940,36352,55055,57068,54376,50357,54206,28707,24981,13855"
259659,259659,"13369,59717,15665,5369,59260,27604,39989,59409,32894,43747"
259716,259716,"55100,46118,21426,45050,10674,10929,19448,6186,40410,44437"
260727,260727,"49780,11962,16763,19658,42726,12064,48925,39860,38111,22357"
260969,260969,"20266,40015,28340,25060,54794,55835,15704,9012,20307,30904"
261281,261281,"20266,48648,52443,25362,12443,361,32052,25581,20307,15037"
261427,261427,"33777,20266,5307,24379,50173,44593,53986,60240,54794,33863"
261566,261566,"39563,33405,9567,35845,63970,28759,54888,38672,62937,37737"
262161,262161,"1255,59409,7431,63844,50406,46333,38897,52742,40015,64820"
262588,262588,"54794,40015,35761,55579,60007,55835,1774,1904,20266,63844"
263157,263157,"49122,55579,52946,615,20722,7992,12468,53447,49737,52909"
265621,265621,"59209,48101,25243,13648,19954,49541,7431,3087,53838,33469"
265797,265797,"58237,56573,61235,20851,7240,64441,52037,7549,35863,11158"
265948,265948,"36352,23300,59464,43399,7842,1529,21427,27301,13303,12473"
266772,266772,"34560,41761,42560,19204,42348,13777,9219,47615,58218,1206"
266781,266781,"16966,49122,34795,17311,40015,64950,7992,20722,49878,46353"
267245,267245,"9567,48925,56823,19954,11501,46154,18701,18658,48893,61235"
267355,267355,"1904,52742,36289,29793,50406,46405,3808,1338,1255,54124"
267363,267363,"26615,28759,38672,1799,39563,63970,6533,25027,34737,13887"
267517,267517,"46333,55055,964,23824,35678,12967,4275,59409,32894,28707"
268334,268334,"13303,12473,21427,23876,21507,6835,55100,2791,27763,33204"
268407,268407,"12667,64441,6181,58237,19954,56998,28707,8183,2333,47067"
268500,268500,"64801,22676,18231,54372,17256,11962,2333,16763,35863,12967"
268839,268839,"20266,55835,28340,32273,36566,38982,39935,61562,37740,25060"
269034,269034,"58237,22401,34118,16763,19140,24999,12667,11962,46333,24675"
271578,271578,"58218,51364,36235,39860,19854,64838,9567,1978,4835,50935"
271757,271757,"1904,7431,58237,6181,51374,7240,55387,51364,54965,51270"
272173,272173,"12667,29009,9567,43747,45660,49780,51085,36011,58344,29332"
272198,272198,"55835,28340,6182,30904,25060,29241,20266,61562,37740,21817"
272678,272678,"52037,43747,1904,16763,7431,56875,49581,11100,11982,23876"
272900,272900,"19787,65031,56083,46780,43193,25822,46373,14864,55758,42556"
273464,273464,"58218,49554,51364,58101,11992,1978,11158,17553,47645,18932"
274387,274387,"35863,22676,48031,23876,54372,25275,9567,18458,21963,51374"
274681,274681,"52337,49122,63205,4497,7992,20722,39953,53172,4079,29238"
274787,274787,"49122,12468,7992,59663,20722,46353,39563,62043,56950,615"
275440,275440,"40015,54794,53447,32894,62369,18801,14285,6973,58237,30254"
275807,275807,"13943,64545,48219,44498,57018,62363,64391,26892,18929,7013"
276067,276067,"57482,6181,23356,19851,29480,60682,63205,60052,10178,31024"
276454,276454,"46887,51374,16628,29181,41105,24675,36235,54853,9546,61941"
276754,276754,"53447,7410,19618,41439,38981,12667,46333,55579,46329,29012"
277105,277105,"36352,18932,22676,51364,20111,16763,36235,61880,60889,63628"
277404,277404,"36181,55579,28707,54794,4126,12449,39810,54879,29925,30284"
277435,277435,"51364,60682,24999,58386,50935,27217,44305,46102,3877,11982"
277583,277583,"40015,55579,33777,319,46333,26708,55835,4835,19034,46353"
277756,277756,"45731,59717,59409,6888,32744,25261,40989,46867,12473,56762"
277943,277943,"55100,46118,21426,45050,10674,19448,40410,6186,30111,44437"
278150,278150,"55835,30904,28340,34751,20266,40015,27842,27782,21817,32547"
278359,278359,"12473,51364,25243,54022,13648,11962,50935,27717,19658,53447"
278586,278586,"49122,51668,20722,7992,46353,21454,49878,30821,43571,27247"
279235,279235,"19954,7736,53995,63628,8327,51364,12473,58101,43480,64801"
279512,279512,"12473,46333,11962,51364,11992,16763,6181,11982,4126,21427"
279614,279614,"55579,54794,22450,2465,13496,3605,64362,40015,8017,28649"
279777,279777,"20266,55835,20307,28340,1981,40015,25581,61562,56739,30904"
279901,279901,"46154,54868,59954,48893,48925,1206,46887,32894,55579,46796"
280250,280250,"7569,27604,18658,64289,55055,51081,64832,63806,35256,48101"
280338,280338,"35167,26615,6001,99,29991,3949,16966,54628,10139,7699"
281507,281507,"55409,14028,40015,64832,14522,19854,63205,10680,31532,7196"
281843,281843,"6961,40015,15656,51175,17527,50935,32820,52742,15813,45847"
282002,282002,"51364,58218,48031,1206,36235,36904,6001,47536,37857,18658"
282166,282166,"55758,54022,14522,36352,35863,43774,741,40429,64801,25544"
284189,284189,"22357,42726,20266,27763,3949,48648,361,44804,52443,25362"
285510,285510,"11982,53447,36352,22869,51364,32894,3991,8387,58386,50357"
285875,285875,"42726,19658,3949,15665,37194,52576,33127,36235,36352,35122"
285934,285934,"32894,46333,50263,59386,15543,40429,5185,60126,1981,55435"
286491,286491,"48962,64356,46548,30457,54794,24675,42989,38388,43747,62556"
286856,286856,"20266,48648,25362,52443,27763,35761,40015,55579,13067,12443"
286962,286962,"32894,63910,55055,1529,54853,37224,17256,36289,43258,36352"
287100,287100,"63628,32894,54372,35122,58218,28416,12116,11982,63469,30250"
287513,287513,"52142,48509,29538,8133,54794,63353,62369,55579,29342,346"
287536,287536,"55835,28340,30904,29241,20266,40015,34751,27842,21817,32547"
288059,288059,"31024,39563,49122,22343,17703,62043,64289,39826,61037,46353"
288495,288495,"20266,55579,57989,43786,25581,62369,56913,15697,64401,4835"
288583,288583,"60969,18701,39563,11962,62583,54853,2983,8341,28748,46102"
288765,288765,"60007,54794,27763,40015,37381,62970,19311,35761,644,65005"
288809,288809,"54794,12951,50197,53651,33777,55421,19710,34784,55579,3949"
288956,288956,"35472,32060,40015,39177,1904,15665,55579,51537,54794,6936"
290428,290428,"36646,43747,55579,49122,7992,31592,7193,13943,31532,54794"
291023,291023,"43918,51077,10328,27304,32577,41098,54753,34583,51934,54741"
291872,291872,"51364,24675,21963,36235,12454,1153,28345,19658,24999,39297"
292364,292364,"58647,4026,33821,5937,19992,51374,51085,30523,49780,22676"
292387,292387,"20266,55835,28340,25581,33777,61562,6097,37740,6913,30904"
292456,292456,"19658,43967,51364,51374,27878,21507,42726,19787,393,17553"
292531,292531,"47296,51364,43258,38570,4835,2791,16807,7240,50406,59782"
292892,292892,"53447,8521,1206,17701,9781,36935,60481,43918,61505,57006"
293001,293001,"55100,46118,21426,45050,10674,10929,19448,52682,27763,40410"
293603,293603,"19034,20266,1981,55579,32894,49549,55835,54886,35761,40015"
293844,293844,"51364,42726,25275,6001,18231,43258,9567,47615,13648,11962"
294133,294133,"6936,461,35472,39946,32060,44215,39953,15201,15665,29238"
294429,294429,"55100,54794,25539,27763,40410,46118,44437,19448,21426,49648"
294450,294450,"43967,54206,35863,60970,25275,21214,50935,48962,54804,25645"
294601,294601,"22357,63628,16807,60690,55118,54372,24981,42726,54206,12667"
294766,294766,"43747,22676,1978,23365,55579,53447,9567,32894,19954,49541"
295074,295074,"28340,45954,55835,6182,25060,61562,29241,30904,37740,20266"
295274,295274,"46887,40809,515,54794,25545,52728,20266,38021,46333,55579"
297085,297085,"54794,55835,19034,40015,30904,29241,26273,34751,28340,1907"
297200,297200,"14630,41559,15037,20266,64221,34211,9829,14204,11962,682"
297844,297844,"16763,23524,18701,35256,54372,17966,58218,42975,6181,12473"
299012,299012,"51364,18801,47296,59209,1981,44646,26774,44069,1206,11962"
299074,299074,"40015,55579,31106,37739,1904,51374,4835,12967,65047,17868"
299249,299249,"43258,23300,12473,55100,52682,15656,45050,54794,35761,40015"
299294,299294,"11992,57068,58218,18932,47645,36289,18231,6181,5937,17256"
299476,299476,"20266,1904,63844,7293,45165,8322,36005,27262,13362,42998"
299739,299739,"27763,60736,17302,54879,7628,15837,14509,64441,17919,43967"
300269,300269,"9567,19954,56998,49541,53838,5937,46102,46373,20532,3949"
300617,300617,"20256,49478,34741,24817,35514,15513,38596,47038,58375,22770"
302027,302027,"55579,40015,43747,55835,7070,55119,55435,54794,2527,52742"
302734,302734,"3877,3949,8239,52424,52912,55579,53575,7992,64289,27992"
302749,302749,"26774,45908,49780,47645,52576,6973,25261,12473,46867,17966"
302827,302827,"33469,43747,615,33821,27704,39563,64151,5185,63636,45660"
302869,302869,"13648,7736,19658,5937,37194,12473,52531,45731,33676,18514"
303624,303624,"40015,11676,32475,62053,12667,45660,19283,27855,40809,43918"
304249,304249,"46333,58218,11962,47296,9567,47832,7240,6001,25685,58386"
304344,304344,"13648,48925,40950,56573,58218,35863,40932,1957,56823,7431"
304566,304566,"28412,5937,64380,23528,23971,7240,48101,23365,30405,24002"
305234,305234,"41223,50479,54879,44305,42726,36352,60682,54853,19462,7704"
305740,305740,"46887,54853,58101,48962,21507,9567,64441,54372,32040,47645"
306146,306146,"58218,4617,19462,50935,9567,30405,19954,54804,12473,60007"
306308,306308,"55579,40015,54794,59663,4126,53447,30284,39810,32894,14285"
306692,306692,"12667,55409,43918,37321,11962,16628,682,56573,23528,58386"
306989,306989,"1546,12473,32894,56823,60083,33469,55835,59409,18037,3785"
307108,307108,"36235,25888,35762,37978,3949,39297,54272,46887,56823,43326"
307495,307495,"51364,51374,54853,61437,43747,19256,23248,11158,46887,50935"
307637,307637,"7431,48031,19954,49160,22676,49780,9567,41285,13855,41761"
307669,307669,"50814,55055,5084,9567,12667,33405,4617,61235,40429,51270"
308254,308254,"39563,55579,59409,2369,32894,20266,28495,1206,29793,38111"
308551,308551,"55100,46118,21426,45050,19448,10674,10929,40410,52682,27763"
308805,308805,"55579,1904,55835,32894,30904,42998,46333,28340,1206,7431"
309506,309506,"46333,51685,61941,7431,54853,33204,9781,25645,55055,53447"
309594,309594,"58101,51374,36235,9567,59409,50357,53447,17553,47645,37224"
309777,309777,"52742,63205,20266,40015,55835,46405,1147,42998,1904,27763"
310087,310087,"35678,59409,54588,64741,40809,13943,3877,64244,19795,56829"
310171,310171,"55100,26673,27763,46118,21426,45050,41673,48622,10674,52682"
310215,310215,"35678,54588,59409,40809,3877,3402,13943,64244,56829,43747"
310217,310217,"994,7193,2687,54794,19712,51084,42998,28765,60913,25552"
310925,310925,"59409,35122,36235,18658,10179,61235,44836,54879,60118,23876"
311752,311752,"55579,1904,50888,63844,62369,46353,40015,28340,39563,35761"
312232,312232,"40015,7992,49122,52742,682,54794,61037,55579,39563,20722"
312362,312362,"55579,59903,56573,54794,43747,25974,23851,42998,682,33565"
312363,312363,"55100,46118,21426,45050,10674,10929,19448,52682,40410,44437"
312438,312438,"40015,52742,15656,35761,59269,54794,24597,57689,46107,11738"
312583,312583,"60969,46102,46333,53447,9567,31700,36361,31637,5830,7193"
312698,312698,"20599,26873,40496,45231,46333,21507,19954,19854,43747,49541"
313486,313486,"37321,43967,15656,17553,18458,58647,16807,16354,61235,4026"
314436,314436,"16064,9567,45731,19954,27717,42560,34560,14522,42726,50357"
314808,314808,"55100,46118,45050,10674,10929,19448,40410,52682,6186,30111"
314950,314950,"37458,22611,1904,49105,64058,24722,13096,51515,57090,42754"
315077,315077,"55100,47958,40015,31532,46118,55481,45050,10674,19448,10929"
315663,315663,"54794,55835,8656,44836,53044,27842,29241,55421,25526,27717"
316797,316797,"36007,59409,3949,9567,22357,23876,14522,58386,46153,42726"
317430,317430,"16763,46333,13648,11962,18874,18231,2333,7240,18658,58237"
318059,318059,"46333,53447,2333,53838,36289,12473,19954,42975,52531,52037"
318394,318394,"1529,18770,64392,13855,48673,30246,15665,33204,36352,19954"
319548,319548,"55100,46118,21426,45050,10674,10929,19448,52682,40410,44437"
319942,319942,"58218,20532,48962,19954,43774,43918,53447,26358,13648,24675"
320068,320068,"26774,28748,21507,36352,35863,64241,51270,51685,60969,38111"
320221,320221,"54853,40429,14189,54573,26846,59026,40950,37857,12161,56290"
320630,320630,"51077,43918,10328,43747,52140,17701,51934,7372,55835,60481"
320846,320846,"55100,46118,21426,45050,10674,19448,10929,40410,52682,27763"
320984,320984,"20647,55015,64820,615,63353,55579,1546,7736,57615,57731"
321080,321080,"33777,38245,36289,57371,40015,20266,5307,51060,25362,58560"
321310,321310,"55100,46118,21426,45050,10929,10674,52682,19448,30111,48622"
321542,321542,"20266,40015,64356,25581,4835,33777,48962,6097,43747,62556"
321936,321936,"49780,18231,11962,3949,58237,7240,48031,60682,6001,22676"
321980,321980,"45696,12667,18231,41921,59683,48101,33777,3949,33821,21427"
322774,322774,"1904,23595,15656,51668,55523,50458,4801,7902,26774,16360"
323056,323056,"7736,13648,1981,55409,55158,1255,50935,9781,46887,11982"
323427,323427,"59903,56573,55579,62556,64356,25974,23851,33565,15130,7429"
323497,323497,"7193,994,54794,2687,51084,42998,32465,4598,28340,60913"
